supplier_id,observation_date,on_time_delivery_rate,average_delay_days,delay_std_days,quality_score,disruption_count_90d,lead_time_days,recent_otd_trend,delay_flag
SUP001,2024-09-29,94.91,1.69,0.62,92.4,1,14,0.6356,0
SUP001,2024-10-06,96.64,1.64,1.0,96.94,0,12,0.8054,0
SUP001,2024-10-13,93.85,1.92,1.78,94.54,0,11,0.5618,1
SUP001,2024-10-20,95.24,0.99,0.52,96.08,0,16,0.7318,1
SUP001,2024-10-27,91.48,1.88,1.66,92.94,0,13,0.4754,0
SUP001,2024-11-03,94.35,1.38,0.61,95.55,0,14,0.6465,0
SUP001,2024-11-10,93.04,1.24,0.47,93.82,0,11,0.6135,0
SUP001,2024-11-17,94.49,1.66,0.53,96.47,0,13,0.7012,0
SUP001,2024-11-24,90.6,1.65,1.26,92.7,0,13,0.386,0
SUP001,2024-12-01,95.37,0.99,0.8,93.35,0,11,0.6538,0
SUP001,2024-12-08,95.34,0.98,0.72,96.66,0,12,0.5735,0
SUP001,2024-12-15,95.2,1.85,1.56,92.74,0,11,0.6053,1
SUP001,2024-12-22,92.98,1.6,1.13,97.1,0,9,0.4165,0
SUP001,2024-12-29,94.7,1.12,0.4,95.05,0,15,0.6641,0
SUP001,2025-01-05,95.07,0.89,0.84,98.66,0,10,0.5612,1
SUP001,2025-01-12,89.59,2.09,1.34,92.46,0,13,0.339,0
SUP001,2025-01-19,94.8,0.93,0.29,92.97,1,11,0.6409,1
SUP001,2025-01-26,92.54,1.49,0.56,94.87,1,16,0.4255,0
SUP001,2025-02-02,91.54,1.97,0.99,97.1,0,10,0.4325,0
SUP001,2025-02-09,92.64,1.5,1.24,91.94,1,9,0.5319,0
SUP001,2025-02-16,92.77,2.17,1.05,97.77,1,13,0.6499,1
SUP001,2025-02-23,92.85,0.95,0.8,98.65,1,10,0.5103,1
SUP001,2025-03-02,94.27,1.25,0.98,96.61,0,8,0.5479,0
SUP001,2025-03-09,90.02,1.47,0.94,95.08,0,11,0.4417,0
SUP001,2025-03-16,93.33,0.81,0.32,95.61,0,12,0.7566,0
SUP001,2025-03-23,93.14,1.53,0.58,91.34,1,11,0.3707,0
SUP001,2025-03-30,92.41,0.55,0.34,92.81,0,12,0.3911,0
SUP001,2025-04-06,100.0,0.97,0.85,92.07,0,11,0.9804,0
SUP001,2025-04-13,92.87,1.27,0.43,94.67,0,9,0.4803,0
SUP001,2025-04-20,94.47,1.26,1.13,95.88,0,12,0.6233,0
SUP001,2025-04-27,95.16,1.8,0.61,93.09,1,10,0.7514,0
SUP001,2025-05-04,92.59,1.27,0.5,95.66,0,12,0.5179,0
SUP001,2025-05-11,93.29,1.17,0.74,95.44,0,13,0.6908,0
SUP001,2025-05-18,93.01,1.21,1.17,94.85,1,10,0.6285,0
SUP001,2025-05-25,95.32,1.22,0.61,97.07,0,11,0.5935,0
SUP001,2025-06-01,94.21,2.19,0.79,97.93,1,14,0.5203,0
SUP001,2025-06-08,95.91,1.16,0.83,93.25,0,10,0.7525,0
SUP001,2025-06-15,87.13,2.08,1.34,95.76,0,12,0.0945,1
SUP001,2025-06-22,98.43,0.65,0.5,95.92,0,14,0.9138,0
SUP001,2025-06-29,91.41,1.71,1.63,94.63,0,12,0.4173,0
SUP001,2025-07-06,91.53,1.51,1.5,95.51,0,14,0.5029,0
SUP001,2025-07-13,93.38,1.12,0.35,89.99,0,15,0.4308,0
SUP001,2025-07-20,91.62,1.64,0.62,96.1,2,13,0.4779,0
SUP001,2025-07-27,92.01,1.58,0.51,95.35,0,14,0.4532,1
SUP001,2025-08-03,92.82,1.34,0.45,96.3,0,11,0.4175,0
SUP001,2025-08-10,91.97,1.57,1.24,96.87,1,11,0.4028,0
SUP001,2025-08-17,91.49,1.07,0.52,93.51,0,9,0.5702,1
SUP001,2025-08-24,90.88,0.64,0.27,96.19,0,12,0.3492,0
SUP001,2025-08-31,95.28,1.37,1.32,94.53,0,13,0.5674,0
SUP001,2025-09-07,97.34,1.2,0.76,95.96,0,12,0.8285,0
SUP001,2025-09-14,91.46,1.67,0.98,95.83,0,12,0.265,1
SUP001,2025-09-21,93.12,0.89,0.62,99.84,0,14,0.5186,0
SUP001,2025-09-28,92.98,1.39,0.77,97.66,0,10,0.6468,0
SUP001,2025-10-05,93.83,1.53,1.36,94.57,0,10,0.6376,0
SUP001,2025-10-12,95.1,1.05,0.55,94.28,0,13,0.6465,0
SUP001,2025-10-19,98.09,0.21,0.12,97.24,2,11,0.828,0
SUP001,2025-10-26,93.11,1.77,1.18,95.25,0,12,0.4855,0
SUP001,2025-11-02,91.09,1.45,0.89,92.78,0,15,0.5224,0
SUP001,2025-11-09,98.69,0.68,0.23,94.1,0,10,0.9639,0
SUP001,2025-11-16,86.82,1.49,1.11,93.03,0,9,0.1009,1
SUP001,2025-11-23,90.97,1.74,1.11,96.77,0,13,0.5611,0
SUP001,2025-11-30,91.74,1.04,0.6,92.42,1,10,0.3881,1
SUP001,2025-12-07,93.52,1.43,1.03,93.37,0,13,0.589,0
SUP001,2025-12-14,89.64,1.54,1.43,98.34,0,14,0.2165,0
SUP001,2025-12-21,96.14,0.7,0.53,99.99,2,10,0.8886,1
SUP001,2025-12-28,92.73,1.53,1.5,93.7,0,14,0.4691,0
SUP001,2026-01-04,92.09,1.68,0.94,96.35,0,14,0.3899,0
SUP001,2026-01-11,95.34,1.55,0.52,92.98,0,9,0.8054,1
SUP001,2026-01-18,94.81,0.97,0.9,93.45,0,13,0.5705,0
SUP001,2026-01-25,100.0,0.64,0.32,93.99,1,8,1.0,0
SUP001,2026-02-01,96.1,0.96,0.38,100.0,0,12,0.6014,0
SUP001,2026-02-08,99.54,0.29,0.13,94.56,0,15,0.9,0
SUP001,2026-02-15,93.03,0.93,0.46,90.77,1,12,0.406,0
SUP001,2026-02-22,86.31,1.58,0.74,96.96,0,13,0.115,1
SUP001,2026-03-01,95.16,1.52,1.51,94.58,0,14,0.6427,0
SUP001,2026-03-08,98.5,1.08,0.65,93.85,0,11,0.7195,1
SUP001,2026-03-15,87.04,1.78,0.92,92.59,0,10,0.0535,1
SUP001,2026-03-22,91.07,1.43,0.85,92.72,0,13,0.4609,1
SUP001,2026-03-29,93.37,1.7,1.44,91.96,1,9,0.6481,0
SUP001,2026-04-05,91.23,1.91,0.64,98.65,0,13,0.4512,1
SUP001,2026-04-12,93.44,1.74,0.56,95.7,0,12,0.3827,0
SUP001,2026-04-19,90.94,2.02,1.48,90.35,0,12,0.3661,0
SUP001,2026-04-26,93.1,2.27,1.25,92.46,1,16,0.5913,1
SUP001,2026-05-03,95.91,1.31,0.71,96.85,0,13,0.6826,0
SUP001,2026-05-10,99.19,1.54,0.6,98.4,0,13,0.8583,0
SUP001,2026-05-17,90.09,2.52,1.79,94.87,0,12,0.3594,0
SUP001,2026-05-24,90.75,0.95,0.48,94.62,0,11,0.2406,0
SUP001,2026-05-31,97.18,0.61,0.42,97.56,0,12,0.8422,0
SUP001,2026-06-07,93.6,1.44,0.45,91.89,0,11,0.5938,1
SUP001,2026-06-14,94.93,1.36,1.32,94.0,0,12,0.7773,0
SUP001,2026-06-21,88.41,1.71,1.4,95.07,0,12,0.2593,1
SUP001,2026-06-28,92.86,1.23,0.55,93.12,0,10,0.4972,1
SUP001,2026-07-05,99.26,1.04,0.76,94.77,0,12,0.8942,0
SUP001,2026-07-12,92.53,1.56,0.61,97.27,0,12,0.536,0
SUP001,2026-07-19,91.05,1.59,0.79,91.39,0,12,0.2962,0
SUP001,2026-07-26,93.86,1.67,1.27,95.7,0,10,0.434,0
SUP001,2026-08-02,93.69,1.8,1.78,94.93,1,12,0.6024,0
SUP001,2026-08-09,86.49,1.65,0.68,90.74,0,10,0.0747,0
SUP001,2026-08-16,91.41,1.71,1.42,96.2,0,9,0.5546,0
SUP001,2026-08-23,93.32,0.82,0.35,91.81,0,12,0.5994,0
SUP002,2024-09-29,85.47,2.69,1.27,91.59,0,21,-0.0379,0
SUP002,2024-10-06,81.5,2.55,1.54,92.71,0,20,-0.2328,1
SUP002,2024-10-13,86.94,1.31,0.63,88.77,0,21,0.1988,1
SUP002,2024-10-20,83.47,2.0,0.86,91.0,3,21,-0.0657,1
SUP002,2024-10-27,79.86,3.6,2.97,91.43,1,19,-0.3319,0
SUP002,2024-11-03,81.89,1.94,1.2,84.59,0,19,-0.2297,1
SUP002,2024-11-10,83.85,2.7,2.06,85.5,1,18,-0.0396,1
SUP002,2024-11-17,84.21,1.41,1.31,88.94,2,21,-0.0915,0
SUP002,2024-11-24,87.38,2.03,1.63,91.29,0,20,0.1693,0
SUP002,2024-12-01,79.81,2.48,0.9,86.96,1,21,-0.2854,1
SUP002,2024-12-08,86.33,1.42,1.09,86.75,0,17,0.0666,1
SUP002,2024-12-15,83.02,2.52,2.0,88.79,2,21,-0.1324,0
SUP002,2024-12-22,82.61,1.99,1.81,86.75,1,21,-0.095,1
SUP002,2024-12-29,84.92,1.68,0.79,89.75,5,20,0.0036,1
SUP002,2025-01-05,86.42,1.99,1.41,88.37,0,21,0.2107,0
SUP002,2025-01-12,80.07,2.69,2.39,87.85,0,18,-0.3446,0
SUP002,2025-01-19,77.22,3.36,2.46,85.72,2,20,-0.5307,1
SUP002,2025-01-26,82.33,1.5,0.64,86.98,0,17,-0.2256,0
SUP002,2025-02-02,82.54,3.04,2.46,86.36,1,22,-0.0735,1
SUP002,2025-02-09,83.56,1.49,1.31,85.26,0,21,-0.0289,0
SUP002,2025-02-16,78.54,2.63,0.97,87.4,0,20,-0.4023,1
SUP002,2025-02-23,82.01,2.21,1.67,86.13,1,20,-0.2189,0
SUP002,2025-03-02,81.21,2.28,1.86,86.29,0,23,-0.2496,0
SUP002,2025-03-09,87.16,1.6,1.32,82.2,0,16,0.1816,1
SUP002,2025-03-16,85.09,2.18,1.65,88.46,0,22,0.0149,0
SUP002,2025-03-23,74.65,2.73,1.37,84.46,1,18,-0.759,1
SUP002,2025-03-30,80.76,1.45,0.7,87.09,0,18,-0.2891,0
SUP002,2025-04-06,82.45,1.6,1.11,88.92,1,21,-0.1711,0
SUP002,2025-04-13,83.1,2.97,1.88,89.53,1,20,0.0278,1
SUP002,2025-04-20,79.22,1.87,1.11,91.71,0,18,-0.3935,1
SUP002,2025-04-27,79.86,2.63,1.91,85.8,0,25,-0.3573,1
SUP002,2025-05-04,77.87,2.05,1.84,83.47,2,16,-0.413,1
SUP002,2025-05-11,84.19,2.4,1.01,86.56,1,21,-0.0473,1
SUP002,2025-05-18,82.08,3.07,2.78,89.43,1,21,-0.2372,1
SUP002,2025-05-25,80.76,1.62,1.0,83.48,1,20,-0.2583,1
SUP002,2025-06-01,84.32,1.87,1.5,87.9,0,23,0.0186,0
SUP002,2025-06-08,81.65,2.65,2.04,85.91,0,21,-0.1072,0
SUP002,2025-06-15,80.13,3.27,2.27,88.06,0,19,-0.2292,0
SUP002,2025-06-22,84.39,1.44,1.32,88.15,0,21,0.0251,1
SUP002,2025-06-29,80.82,2.82,2.75,82.68,1,21,-0.3561,1
SUP002,2025-07-06,74.36,2.81,2.78,89.54,1,22,-0.9315,1
SUP002,2025-07-13,84.41,2.38,2.17,86.31,0,21,-0.009,0
SUP002,2025-07-20,79.72,1.71,0.56,86.6,0,20,-0.3287,1
SUP002,2025-07-27,84.23,2.55,1.49,83.31,2,18,0.001,1
SUP002,2025-08-03,79.61,2.24,2.23,89.07,1,21,-0.4182,0
SUP002,2025-08-10,81.24,2.54,2.25,89.41,0,17,-0.2807,0
SUP002,2025-08-17,81.24,1.5,0.77,87.06,0,22,-0.2206,1
SUP002,2025-08-24,85.74,2.4,2.14,90.4,1,17,0.0783,1
SUP002,2025-08-31,82.87,0.79,0.49,91.68,0,22,-0.2819,1
SUP002,2025-09-07,78.74,2.24,1.63,88.84,0,18,-0.3803,0
SUP002,2025-09-14,83.81,1.44,0.67,87.54,0,21,-0.0958,1
SUP002,2025-09-21,84.08,2.12,0.94,88.64,1,21,-0.1865,1
SUP002,2025-09-28,79.44,3.0,1.69,93.57,1,22,-0.3392,1
SUP002,2025-10-05,79.27,2.86,1.19,90.06,1,22,-0.4517,0
SUP002,2025-10-12,81.75,1.7,1.08,86.9,0,14,-0.1878,0
SUP002,2025-10-19,81.57,3.09,2.87,88.73,0,25,-0.2548,0
SUP002,2025-10-26,80.81,3.55,2.63,91.67,0,20,-0.2505,0
SUP002,2025-11-02,79.44,2.53,2.07,89.15,0,22,-0.4849,1
SUP002,2025-11-09,85.38,1.92,0.94,87.97,0,15,-0.0916,1
SUP002,2025-11-16,83.35,2.35,1.87,89.41,0,20,-0.0398,1
SUP002,2025-11-23,82.54,1.94,1.54,86.46,0,20,-0.2526,0
SUP002,2025-11-30,84.14,1.81,1.0,85.05,0,19,-0.0745,1
SUP002,2025-12-07,81.87,2.34,1.42,92.99,0,20,-0.3684,0
SUP002,2025-12-14,79.86,1.51,1.51,91.28,2,19,-0.3769,1
SUP002,2025-12-21,81.49,2.62,1.83,82.66,1,21,-0.0734,0
SUP002,2025-12-28,76.94,2.59,1.35,85.67,0,23,-0.5459,0
SUP002,2026-01-04,76.66,2.94,1.28,85.99,0,21,-0.6027,0
SUP002,2026-01-11,80.11,2.86,1.39,86.18,1,22,-0.391,1
SUP002,2026-01-18,80.1,2.82,1.7,85.09,0,20,-0.3446,1
SUP002,2026-01-25,77.64,3.18,3.16,84.84,0,20,-0.3956,0
SUP002,2026-02-01,79.89,1.3,0.56,87.7,0,17,-0.3771,0
SUP002,2026-02-08,81.48,2.57,1.5,86.18,1,21,-0.3202,1
SUP002,2026-02-15,85.79,2.66,1.34,84.45,3,19,0.0327,1
SUP002,2026-02-22,79.97,1.58,0.92,89.33,0,26,-0.2894,0
SUP002,2026-03-01,85.53,0.83,0.38,88.48,0,22,0.1213,0
SUP002,2026-03-08,82.44,2.81,2.27,87.96,0,21,-0.1701,0
SUP002,2026-03-15,83.51,1.43,0.93,81.96,0,21,-0.0058,0
SUP002,2026-03-22,80.48,2.23,1.49,91.18,0,21,-0.2702,0
SUP002,2026-03-29,82.39,2.22,1.4,93.97,1,18,-0.1564,1
SUP002,2026-04-05,79.9,2.54,1.3,87.78,1,17,-0.2607,0
SUP002,2026-04-12,81.16,2.1,1.36,84.25,0,18,-0.2049,1
SUP002,2026-04-19,81.58,1.55,1.4,90.18,2,19,-0.1955,1
SUP002,2026-04-26,76.79,2.49,1.85,88.51,1,18,-0.3953,0
SUP002,2026-05-03,85.07,0.91,0.64,87.59,0,19,-0.076,0
SUP002,2026-05-10,80.41,2.96,1.14,89.52,0,17,-0.1518,1
SUP002,2026-05-17,79.18,2.55,2.34,86.68,1,20,-0.5035,1
SUP002,2026-05-24,77.89,2.7,1.1,87.53,0,18,-0.4331,0
SUP002,2026-05-31,79.68,2.25,1.02,86.56,2,21,-0.4002,1
SUP002,2026-06-07,87.13,1.91,1.5,93.67,1,18,0.0574,0
SUP002,2026-06-14,78.35,4.01,1.87,90.11,1,18,-0.4376,0
SUP002,2026-06-21,85.36,2.13,1.53,88.74,1,17,0.0315,0
SUP002,2026-06-28,84.06,1.33,0.57,91.03,0,22,-0.1951,0
SUP002,2026-07-05,81.1,2.21,0.9,83.37,1,19,-0.2633,1
SUP002,2026-07-12,80.77,2.64,1.72,88.23,3,16,-0.26,1
SUP002,2026-07-19,80.61,2.66,1.99,89.66,2,22,-0.2409,1
SUP002,2026-07-26,84.58,1.97,1.69,91.9,0,18,-0.1173,0
SUP002,2026-08-02,82.26,3.02,1.61,88.55,0,19,-0.1815,0
SUP002,2026-08-09,78.07,2.07,0.65,82.91,0,20,-0.5134,1
SUP002,2026-08-16,84.02,2.05,1.83,89.19,0,19,-0.1773,1
SUP002,2026-08-23,86.24,2.03,0.86,90.56,1,21,0.1013,0
SUP003,2024-09-29,74.15,2.04,1.04,77.01,1,28,-0.8533,1
SUP003,2024-10-06,74.63,3.05,2.22,80.25,3,26,-0.754,1
SUP003,2024-10-13,75.2,3.09,1.31,78.55,2,27,-0.605,0
SUP003,2024-10-20,72.52,2.86,2.67,80.08,2,30,-1.0,1
SUP003,2024-10-27,74.15,2.22,0.78,82.56,2,29,-0.7276,0
SUP003,2024-11-03,72.95,2.19,1.37,82.17,2,31,-0.6751,1
SUP003,2024-11-10,73.97,3.02,2.37,78.0,1,27,-0.8797,1
SUP003,2024-11-17,73.39,3.14,1.68,85.0,3,30,-0.8705,1
SUP003,2024-11-24,76.49,2.64,2.06,78.4,0,29,-0.5481,1
SUP003,2024-12-01,78.39,2.65,1.94,79.41,1,29,-0.5921,1
SUP003,2024-12-08,77.47,2.69,1.81,80.43,1,29,-0.4864,1
SUP003,2024-12-15,71.92,3.26,2.35,80.98,1,31,-0.8477,0
SUP003,2024-12-22,82.64,2.46,0.99,78.87,2,29,-0.246,1
SUP003,2024-12-29,72.21,3.11,2.99,84.44,0,31,-0.8552,1
SUP003,2025-01-05,77.43,2.75,1.79,80.04,2,28,-0.7128,1
SUP003,2025-01-12,79.92,2.27,1.31,78.77,0,31,-0.3754,1
SUP003,2025-01-19,76.88,3.68,2.31,82.31,2,31,-0.5012,1
SUP003,2025-01-26,78.3,4.04,3.32,76.94,0,32,-0.4,1
SUP003,2025-02-02,74.19,3.81,1.58,77.27,1,27,-0.7344,1
SUP003,2025-02-09,77.59,1.96,0.92,79.51,0,29,-0.4893,1
SUP003,2025-02-16,76.16,2.99,0.95,74.61,0,28,-0.5766,0
SUP003,2025-02-23,75.71,3.06,2.55,78.83,3,29,-0.5563,1
SUP003,2025-03-02,70.58,2.39,1.82,83.86,0,31,-0.984,1
SUP003,2025-03-09,72.86,3.26,1.07,78.0,1,30,-0.7703,0
SUP003,2025-03-16,76.32,3.05,1.99,80.54,1,32,-0.5807,1
SUP003,2025-03-23,74.43,2.98,2.92,81.06,3,32,-0.6848,1
SUP003,2025-03-30,79.78,3.84,2.67,79.76,1,29,-0.4236,1
SUP003,2025-04-06,76.38,2.34,2.24,79.84,1,31,-0.5479,1
SUP003,2025-04-13,73.77,3.64,2.32,78.7,1,28,-0.5238,0
SUP003,2025-04-20,74.15,2.8,1.21,77.87,1,28,-0.6848,1
SUP003,2025-04-27,74.88,1.96,1.89,85.3,2,30,-0.7122,1
SUP003,2025-05-04,78.18,2.64,1.5,77.67,0,28,-0.4692,1
SUP003,2025-05-11,73.56,3.05,2.17,78.65,4,30,-0.7974,0
SUP003,2025-05-18,79.88,2.48,2.05,84.45,3,28,-0.4031,1
SUP003,2025-05-25,72.7,3.36,3.04,80.59,1,30,-0.9061,1
SUP003,2025-06-01,73.23,2.99,1.31,77.39,0,30,-0.6863,1
SUP003,2025-06-08,78.83,1.77,0.59,81.23,0,29,-0.3182,0
SUP003,2025-06-15,78.03,2.04,1.36,74.05,1,32,-0.4209,1
SUP003,2025-06-22,76.41,3.16,1.33,79.51,3,31,-0.6596,1
SUP003,2025-06-29,76.38,3.71,2.6,72.34,1,27,-0.5736,1
SUP003,2025-07-06,77.38,3.82,2.67,80.91,0,31,-0.4726,1
SUP003,2025-07-13,74.72,4.19,3.71,82.91,0,32,-0.7098,0
SUP003,2025-07-20,67.71,3.24,2.08,78.91,2,31,-1.0,1
SUP003,2025-07-27,76.17,2.64,1.57,81.24,1,31,-0.5553,1
SUP003,2025-08-03,76.04,1.69,1.22,74.04,0,31,-0.5177,1
SUP003,2025-08-10,76.78,2.78,2.75,79.92,0,29,-0.4639,1
SUP003,2025-08-17,75.43,3.25,3.23,74.86,0,30,-0.6934,1
SUP003,2025-08-24,77.95,2.74,2.36,81.55,0,30,-0.4577,1
SUP003,2025-08-31,80.71,2.23,1.51,83.92,1,28,-0.1962,1
SUP003,2025-09-07,78.37,2.55,0.94,77.25,2,30,-0.4981,1
SUP003,2025-09-14,75.18,2.61,2.06,81.98,3,27,-0.6583,1
SUP003,2025-09-21,71.02,2.64,0.88,80.77,1,28,-0.8849,1
SUP003,2025-09-28,76.84,1.91,0.94,78.26,3,28,-0.4177,1
SUP003,2025-10-05,79.33,2.21,1.35,83.39,3,29,-0.4129,1
SUP003,2025-10-12,82.32,3.18,1.19,78.56,1,30,-0.1704,0
SUP003,2025-10-19,73.05,2.98,2.74,80.69,1,32,-0.7374,1
SUP003,2025-10-26,74.87,3.3,1.63,78.85,0,32,-0.6319,1
SUP003,2025-11-02,76.27,1.86,0.68,82.49,0,29,-0.6871,1
SUP003,2025-11-09,73.89,3.64,2.03,78.06,2,29,-0.7143,1
SUP003,2025-11-16,76.11,3.17,0.99,74.92,3,30,-0.6007,1
SUP003,2025-11-23,78.54,3.0,1.26,83.44,1,30,-0.3432,1
SUP003,2025-11-30,69.42,3.62,1.75,78.63,1,32,-0.9411,1
SUP003,2025-12-07,77.08,2.41,0.89,82.26,2,29,-0.5752,1
SUP003,2025-12-14,77.67,3.55,1.37,75.72,1,30,-0.633,1
SUP003,2025-12-21,75.79,2.55,1.57,79.07,2,32,-0.628,1
SUP003,2025-12-28,71.13,3.45,2.03,81.54,2,31,-0.9634,1
SUP003,2026-01-04,70.8,3.18,2.78,81.25,2,27,-1.0,1
SUP003,2026-01-11,80.47,3.09,1.42,80.9,2,30,-0.2668,1
SUP003,2026-01-18,82.82,2.32,1.72,81.6,1,33,-0.2225,1
SUP003,2026-01-25,73.03,3.22,2.91,82.42,0,30,-0.7916,1
SUP003,2026-02-01,77.87,2.88,2.5,77.92,3,34,-0.6283,1
SUP003,2026-02-08,80.23,3.04,1.96,79.78,2,30,-0.4242,1
SUP003,2026-02-15,74.19,2.61,1.7,79.02,2,26,-0.7754,0
SUP003,2026-02-22,76.63,3.42,1.6,78.62,1,30,-0.5505,1
SUP003,2026-03-01,76.02,2.63,1.52,82.85,3,32,-0.6765,1
SUP003,2026-03-08,75.53,2.98,2.93,84.1,0,29,-0.7831,1
SUP003,2026-03-15,75.94,2.33,1.53,78.54,1,31,-0.6601,1
SUP003,2026-03-22,74.73,2.77,0.84,80.3,0,29,-0.6292,1
SUP003,2026-03-29,77.46,3.46,2.43,79.4,0,31,-0.4666,1
SUP003,2026-04-05,78.99,2.62,1.7,78.27,0,27,-0.2979,0
SUP003,2026-04-12,72.9,3.76,2.96,79.84,2,29,-0.8754,1
SUP003,2026-04-19,78.51,2.5,2.22,82.97,1,30,-0.442,1
SUP003,2026-04-26,75.78,2.85,1.37,77.15,0,30,-0.5318,0
SUP003,2026-05-03,79.87,2.18,1.48,75.66,3,30,-0.4356,0
SUP003,2026-05-10,74.61,2.44,2.05,79.94,2,29,-0.6407,1
SUP003,2026-05-17,79.06,2.31,0.77,82.9,2,32,-0.4276,1
SUP003,2026-05-24,79.24,2.7,2.09,77.01,0,31,-0.4398,0
SUP003,2026-05-31,78.67,1.67,0.76,78.64,1,29,-0.3448,1
SUP003,2026-06-07,75.51,3.12,2.65,78.93,1,35,-0.5124,1
SUP003,2026-06-14,79.2,2.54,1.44,80.96,2,30,-0.3955,1
SUP003,2026-06-21,79.3,2.4,1.25,81.69,0,31,-0.4007,1
SUP003,2026-06-28,73.05,3.91,2.42,77.86,0,30,-0.9065,1
SUP003,2026-07-05,74.74,2.64,0.96,78.67,1,30,-0.6166,1
SUP003,2026-07-12,78.03,2.57,2.54,77.42,3,30,-0.3864,1
SUP003,2026-07-19,77.48,2.79,2.79,79.73,1,31,-0.4137,0
SUP003,2026-07-26,74.01,2.66,2.05,77.39,1,29,-0.6184,1
SUP003,2026-08-02,73.53,3.07,2.37,83.94,0,30,-0.8819,1
SUP003,2026-08-09,85.18,2.29,1.59,77.28,2,27,-0.0423,1
SUP003,2026-08-16,76.35,2.5,1.05,74.39,0,27,-0.5522,1
SUP003,2026-08-23,79.42,2.77,1.12,80.0,2,31,-0.3381,1
SUP004,2024-09-29,94.09,0.69,0.49,95.34,0,9,0.5367,0
SUP004,2024-10-06,91.78,1.28,0.5,99.55,1,9,0.3561,0
SUP004,2024-10-13,100.0,0.98,0.36,97.0,0,6,1.0,0
SUP004,2024-10-20,93.83,0.99,0.87,97.56,0,7,0.653,0
SUP004,2024-10-27,95.07,1.8,1.59,95.13,0,12,0.4518,0
SUP004,2024-11-03,94.8,1.87,1.54,95.12,0,13,0.6425,0
SUP004,2024-11-10,97.27,0.44,0.23,98.82,0,12,0.7916,0
SUP004,2024-11-17,92.95,1.48,1.33,98.33,0,10,0.5275,1
SUP004,2024-11-24,96.08,0.79,0.58,93.0,0,13,0.8212,0
SUP004,2024-12-01,94.25,0.89,0.67,97.3,1,11,0.6093,0
SUP004,2024-12-08,96.78,1.17,0.53,93.7,0,9,0.8959,0
SUP004,2024-12-15,95.82,0.76,0.33,100.0,0,9,0.7871,0
SUP004,2024-12-22,98.06,0.83,0.44,100.0,0,7,0.9557,0
SUP004,2024-12-29,100.0,0.86,0.45,96.12,0,9,0.9495,0
SUP004,2025-01-05,89.87,1.85,0.66,93.94,0,13,0.3254,1
SUP004,2025-01-12,93.48,1.63,0.87,97.68,0,10,0.6525,0
SUP004,2025-01-19,95.71,1.79,1.33,94.91,0,10,0.6748,0
SUP004,2025-01-26,97.46,1.72,0.75,98.31,0,12,0.7581,0
SUP004,2025-02-02,92.59,1.08,0.36,95.9,0,9,0.5216,1
SUP004,2025-02-09,95.13,1.42,1.42,97.01,0,11,0.744,0
SUP004,2025-02-16,98.31,0.94,0.67,100.0,0,8,0.9713,0
SUP004,2025-02-23,96.69,1.45,1.43,95.69,1,9,0.8568,0
SUP004,2025-03-02,98.81,0.33,0.33,95.04,0,14,1.0,0
SUP004,2025-03-09,94.43,1.23,0.8,98.95,1,12,0.5254,1
SUP004,2025-03-16,99.65,0.97,0.49,100.0,0,12,0.9642,0
SUP004,2025-03-23,97.0,1.32,0.54,97.46,1,11,0.8331,0
SUP004,2025-03-30,98.01,0.65,0.25,95.33,0,10,0.9683,0
SUP004,2025-04-06,100.0,0.69,0.34,96.53,0,16,1.0,0
SUP004,2025-04-13,100.0,0.35,0.15,97.6,0,11,0.9513,0
SUP004,2025-04-20,95.21,1.17,1.14,93.36,0,9,0.7348,0
SUP004,2025-04-27,93.37,0.76,0.52,95.45,0,8,0.6363,0
SUP004,2025-05-04,90.72,1.89,0.62,99.16,0,10,0.2612,0
SUP004,2025-05-11,98.07,0.6,0.38,93.58,0,8,0.7576,0
SUP004,2025-05-18,92.46,0.78,0.58,96.71,0,12,0.4638,0
SUP004,2025-05-25,95.08,1.04,0.34,99.76,0,11,0.7538,0
SUP004,2025-06-01,95.82,1.66,0.91,98.76,0,8,0.8177,0
SUP004,2025-06-08,100.0,0.0,0.1,97.21,1,7,0.995,1
SUP004,2025-06-15,94.65,1.68,1.61,100.0,0,8,0.7313,1
SUP004,2025-06-22,92.55,1.55,0.48,99.78,0,8,0.53,0
SUP004,2025-06-29,98.62,0.89,0.41,97.46,1,12,0.9352,0
SUP004,2025-07-06,93.37,0.81,0.54,96.16,0,10,0.5188,1
SUP004,2025-07-13,95.88,1.68,1.42,96.22,0,8,0.6954,0
SUP004,2025-07-20,98.88,0.69,0.44,91.73,0,8,0.881,0
SUP004,2025-07-27,99.03,0.68,0.53,93.6,0,12,0.9573,0
SUP004,2025-08-03,94.25,1.25,0.75,98.55,0,11,0.6608,0
SUP004,2025-08-10,98.93,1.13,0.5,100.0,0,11,0.893,0
SUP004,2025-08-17,95.48,1.61,0.51,97.35,0,12,0.7893,1
SUP004,2025-08-24,95.06,1.67,1.11,97.41,1,12,0.6168,0
SUP004,2025-08-31,95.9,1.17,0.77,92.29,0,9,0.7654,0
SUP004,2025-09-07,94.96,1.61,0.87,98.91,0,13,0.6842,0
SUP004,2025-09-14,93.25,1.78,1.23,97.16,0,11,0.3336,0
SUP004,2025-09-21,92.94,0.26,0.13,97.41,0,10,0.5683,0
SUP004,2025-09-28,95.15,1.08,0.94,97.76,0,10,0.63,1
SUP004,2025-10-05,97.88,0.84,0.26,96.3,0,8,1.0,1
SUP004,2025-10-12,97.28,0.25,0.13,96.94,0,9,0.6804,0
SUP004,2025-10-19,97.75,0.86,0.75,98.5,1,8,0.9161,0
SUP004,2025-10-26,91.45,2.35,1.05,93.88,0,11,0.3065,0
SUP004,2025-11-02,89.93,1.09,0.9,97.32,0,9,0.4044,0
SUP004,2025-11-09,96.02,0.64,0.42,96.71,0,12,0.7654,0
SUP004,2025-11-16,98.38,0.76,0.63,92.99,0,13,0.9339,0
SUP004,2025-11-23,95.15,1.23,0.8,100.0,0,14,0.765,0
SUP004,2025-11-30,98.94,0.1,0.1,95.65,0,10,0.9867,0
SUP004,2025-12-07,96.71,1.46,1.34,94.64,0,10,0.6754,0
SUP004,2025-12-14,100.0,1.51,1.04,100.0,0,6,0.9757,0
SUP004,2025-12-21,92.07,1.35,1.08,98.53,0,6,0.4316,0
SUP004,2025-12-28,99.93,1.17,0.6,99.19,0,12,0.9764,0
SUP004,2026-01-04,95.15,1.18,0.97,97.6,0,13,0.6584,0
SUP004,2026-01-11,99.97,0.88,0.56,98.59,0,8,1.0,0
SUP004,2026-01-18,97.53,1.54,1.4,93.52,1,9,0.8111,1
SUP004,2026-01-25,96.04,1.15,0.46,98.64,0,9,0.6622,0
SUP004,2026-02-01,92.03,2.24,1.76,93.15,0,10,0.4968,0
SUP004,2026-02-08,98.81,0.49,0.38,96.16,0,12,0.9085,0
SUP004,2026-02-15,94.05,0.92,0.54,100.0,0,12,0.5087,1
SUP004,2026-02-22,98.78,1.11,0.96,96.37,0,10,0.9761,0
SUP004,2026-03-01,95.49,1.53,0.69,100.0,0,13,0.7674,1
SUP004,2026-03-08,97.09,0.09,0.1,96.82,1,9,0.699,1
SUP004,2026-03-15,96.24,2.13,1.55,96.85,0,11,0.6851,0
SUP004,2026-03-22,100.0,0.61,0.5,100.0,0,11,0.9543,0
SUP004,2026-03-29,98.9,1.62,0.92,100.0,0,7,0.7952,0
SUP004,2026-04-05,95.88,0.85,0.27,98.61,0,8,0.7362,0
SUP004,2026-04-12,99.57,0.7,0.54,95.25,0,11,0.901,0
SUP004,2026-04-19,100.0,1.41,1.15,97.12,0,8,1.0,0
SUP004,2026-04-26,95.49,1.84,1.59,93.77,1,9,0.8322,0
SUP004,2026-05-03,95.18,1.01,0.99,93.31,0,13,0.7929,0
SUP004,2026-05-10,98.16,0.84,0.3,98.56,0,11,0.8775,0
SUP004,2026-05-17,94.71,0.45,0.37,97.79,0,10,0.5087,0
SUP004,2026-05-24,97.58,0.32,0.12,98.42,0,6,0.8875,0
SUP004,2026-05-31,94.1,1.07,1.04,98.4,0,10,0.5097,0
SUP004,2026-06-07,100.0,0.0,0.1,98.8,0,10,0.9368,0
SUP004,2026-06-14,92.81,0.95,0.75,93.93,0,10,0.5627,0
SUP004,2026-06-21,97.79,1.22,0.72,96.64,0,9,0.8592,0
SUP004,2026-06-28,98.31,1.08,0.8,98.11,1,11,0.9601,0
SUP004,2026-07-05,96.69,1.2,0.59,98.58,0,11,1.0,0
SUP004,2026-07-12,94.66,0.91,0.44,95.78,0,13,0.5835,0
SUP004,2026-07-19,100.0,1.25,0.76,96.08,0,7,0.9774,0
SUP004,2026-07-26,98.27,0.84,0.69,96.43,0,9,0.742,0
SUP004,2026-08-02,96.91,1.64,0.75,98.48,0,10,0.8681,1
SUP004,2026-08-09,91.97,2.01,1.94,98.05,0,11,0.5013,0
SUP004,2026-08-16,97.13,1.72,0.66,92.37,1,8,0.8118,1
SUP004,2026-08-23,94.57,1.61,1.01,100.0,1,9,0.5052,0
SUP005,2024-09-29,88.85,1.62,1.08,90.2,1,15,0.1901,1
SUP005,2024-10-06,90.21,1.35,0.91,91.67,0,15,0.3134,0
SUP005,2024-10-13,89.55,2.15,1.95,94.9,0,15,0.2865,0
SUP005,2024-10-20,91.56,0.94,0.85,91.58,0,16,0.4233,0
SUP005,2024-10-27,89.85,1.49,1.0,92.45,0,16,0.316,0
SUP005,2024-11-03,89.26,3.06,1.12,85.16,0,16,0.3312,0
SUP005,2024-11-10,87.95,1.23,1.12,91.23,0,12,0.2286,0
SUP005,2024-11-17,85.45,1.47,1.41,95.11,0,13,0.0551,1
SUP005,2024-11-24,85.92,1.33,0.87,89.77,0,14,-0.0285,0
SUP005,2024-12-01,89.89,1.8,0.8,89.78,0,19,0.3304,0
SUP005,2024-12-08,88.21,1.08,0.6,89.19,0,14,0.2644,0
SUP005,2024-12-15,94.37,1.59,0.84,89.41,0,17,0.6064,0
SUP005,2024-12-22,84.22,1.37,1.23,88.38,0,14,-0.0904,0
SUP005,2024-12-29,88.27,1.89,0.79,90.21,1,15,0.1297,1
SUP005,2025-01-05,91.67,0.78,0.34,92.98,0,13,0.5048,0
SUP005,2025-01-12,90.19,1.85,1.22,91.52,0,18,0.3552,1
SUP005,2025-01-19,89.59,1.64,1.44,92.76,0,18,0.3018,0
SUP005,2025-01-26,96.15,1.13,0.91,90.83,2,15,0.6771,0
SUP005,2025-02-02,90.55,1.19,1.16,89.86,1,16,0.2873,0
SUP005,2025-02-09,89.7,1.81,1.04,95.25,1,15,0.3756,0
SUP005,2025-02-16,87.93,1.5,0.84,87.58,0,14,0.2909,0
SUP005,2025-02-23,85.9,2.28,0.97,90.24,0,15,0.0402,1
SUP005,2025-03-02,89.76,2.77,2.16,93.24,1,17,0.3549,0
SUP005,2025-03-09,90.08,2.49,2.34,91.64,0,17,0.4597,0
SUP005,2025-03-16,89.02,1.04,0.94,91.49,0,17,0.1905,0
SUP005,2025-03-23,88.49,1.53,1.01,91.49,0,14,0.1749,0
SUP005,2025-03-30,88.95,1.77,0.56,89.27,0,16,0.1477,0
SUP005,2025-04-06,88.5,1.79,1.13,89.58,0,16,0.2655,0
SUP005,2025-04-13,90.13,1.92,0.58,93.16,1,17,0.2896,0
SUP005,2025-04-20,90.25,1.57,0.74,88.94,0,16,0.3371,0
SUP005,2025-04-27,85.35,1.78,1.52,88.94,0,11,0.1121,0
SUP005,2025-05-04,87.89,1.4,0.89,93.57,2,16,0.1975,0
SUP005,2025-05-11,90.66,1.99,0.99,86.59,0,17,0.4223,1
SUP005,2025-05-18,94.55,0.04,0.1,90.12,1,18,0.6815,0
SUP005,2025-05-25,90.64,2.14,0.81,88.98,0,15,0.3174,1
SUP005,2025-06-01,86.0,1.92,1.03,91.89,0,17,0.0496,0
SUP005,2025-06-08,86.7,1.38,0.45,91.87,1,16,0.0326,1
SUP005,2025-06-15,99.36,1.56,0.99,91.71,0,15,1.0,0
SUP005,2025-06-22,87.81,1.4,0.57,94.64,0,17,0.2164,1
SUP005,2025-06-29,90.37,1.87,1.82,87.67,1,13,0.2669,0
SUP005,2025-07-06,90.51,1.63,1.63,93.65,0,17,0.3077,0
SUP005,2025-07-13,90.23,1.22,0.96,91.84,0,12,0.2353,1
SUP005,2025-07-20,90.15,1.26,1.25,92.0,1,15,0.3896,0
SUP005,2025-07-27,86.47,0.91,0.61,91.71,1,13,0.1413,1
SUP005,2025-08-03,88.23,2.34,2.24,91.02,1,18,0.2595,0
SUP005,2025-08-10,89.15,1.94,1.74,94.45,0,18,0.4067,0
SUP005,2025-08-17,85.42,2.21,1.81,89.28,2,17,0.0845,0
SUP005,2025-08-24,92.69,1.52,1.0,92.5,1,16,0.4446,0
SUP005,2025-08-31,89.67,1.91,0.82,90.93,0,16,0.2897,0
SUP005,2025-09-07,83.49,1.31,1.07,89.02,0,18,-0.1302,0
SUP005,2025-09-14,87.6,1.59,0.96,93.17,0,15,0.2659,1
SUP005,2025-09-21,85.75,2.18,2.03,91.99,0,20,0.031,1
SUP005,2025-09-28,93.23,1.13,0.46,84.65,1,18,0.494,0
SUP005,2025-10-05,87.67,2.47,2.05,87.07,0,14,0.1574,0
SUP005,2025-10-12,88.44,1.4,1.32,89.89,0,18,0.229,0
SUP005,2025-10-19,90.01,1.65,1.39,85.05,0,17,0.3536,0
SUP005,2025-10-26,90.84,3.08,2.2,89.64,0,14,0.2696,1
SUP005,2025-11-02,87.67,2.11,1.18,93.61,0,17,0.0828,1
SUP005,2025-11-09,90.73,1.34,1.22,88.86,1,16,0.4719,0
SUP005,2025-11-16,87.32,0.73,0.55,91.9,1,14,0.0628,0
SUP005,2025-11-23,85.92,1.79,0.95,89.12,1,18,0.0883,0
SUP005,2025-11-30,82.44,2.17,1.64,93.42,0,17,-0.295,0
SUP005,2025-12-07,94.31,0.52,0.39,93.19,1,12,0.7765,0
SUP005,2025-12-14,86.92,1.75,1.56,92.81,1,15,0.1429,1
SUP005,2025-12-21,86.23,1.98,1.22,88.1,1,17,0.0782,0
SUP005,2025-12-28,93.64,1.06,0.7,90.79,1,19,0.6904,0
SUP005,2026-01-04,86.74,2.52,1.49,90.59,2,14,0.1775,0
SUP005,2026-01-11,85.99,1.27,0.96,92.82,0,16,0.0616,0
SUP005,2026-01-18,90.13,1.41,1.4,95.77,0,18,0.2653,0
SUP005,2026-01-25,88.89,1.19,0.92,88.45,0,16,0.3713,0
SUP005,2026-02-01,88.26,2.07,2.06,87.64,0,17,0.1959,1
SUP005,2026-02-08,90.15,1.31,0.92,90.87,0,18,0.342,0
SUP005,2026-02-15,86.55,2.81,1.81,91.74,0,14,0.1443,0
SUP005,2026-02-22,91.27,1.51,1.41,91.97,1,16,0.367,0
SUP005,2026-03-01,90.28,1.16,0.49,90.2,0,20,0.3781,0
SUP005,2026-03-08,82.54,1.51,1.36,91.6,0,15,-0.1001,0
SUP005,2026-03-15,91.25,1.83,0.92,88.48,0,14,0.5184,0
SUP005,2026-03-22,91.86,1.33,0.5,93.02,1,16,0.3731,1
SUP005,2026-03-29,89.22,1.58,1.19,93.6,0,14,0.3962,1
SUP005,2026-04-05,94.38,1.45,0.47,87.25,0,16,0.537,1
SUP005,2026-04-12,89.82,1.93,0.75,86.37,0,14,0.2968,0
SUP005,2026-04-19,86.54,1.58,1.48,93.49,0,15,0.2327,0
SUP005,2026-04-26,91.37,1.15,0.37,87.86,0,17,0.4651,1
SUP005,2026-05-03,89.54,1.62,1.32,92.61,1,17,0.3274,0
SUP005,2026-05-10,90.09,1.39,1.25,88.75,0,11,0.4033,0
SUP005,2026-05-17,88.11,2.54,1.37,92.17,0,17,0.1932,1
SUP005,2026-05-24,89.72,2.09,1.95,90.27,0,18,0.4091,0
SUP005,2026-05-31,89.13,1.65,0.8,90.86,1,17,0.1843,1
SUP005,2026-06-07,94.97,0.94,0.51,89.94,0,15,0.5846,0
SUP005,2026-06-14,85.68,2.42,1.11,90.9,1,16,0.1084,0
SUP005,2026-06-21,83.72,1.57,1.05,87.09,0,14,-0.3368,0
SUP005,2026-06-28,87.18,2.31,1.5,94.8,0,15,0.0787,0
SUP005,2026-07-05,89.51,2.17,1.73,90.41,1,14,0.294,1
SUP005,2026-07-12,87.14,1.69,1.28,88.64,0,13,0.3441,0
SUP005,2026-07-19,91.39,0.24,0.19,95.63,0,14,0.4378,0
SUP005,2026-07-26,90.15,1.07,0.96,93.0,1,14,0.2934,0
SUP005,2026-08-02,85.15,1.74,1.05,87.25,0,16,0.0313,0
SUP005,2026-08-09,90.08,2.17,1.41,92.79,0,16,0.2997,0
SUP005,2026-08-16,91.18,1.36,0.58,92.44,0,17,0.4458,0
SUP005,2026-08-23,86.35,2.37,2.08,89.54,0,19,0.1025,0
